Model,Seed,Experiment_Number,Accuracy,AUC,F1_Score
xgboost,59236795,25,0.5333333333333333,0.5333333333333333,0.4166666666666667
