Model,Seed,Experiment_Number,Accuracy,AUC,F1_Score
xgboost,387615796,14,0.5333333333333333,0.5333333333333333,0.5333333333333333
