Model,Seed,Experiment_Number,Accuracy,AUC,F1_Score
xgboost,1950160822,5,0.7333333333333333,0.7333333333333333,0.6666666666666666
