Model,Seed,Experiment_Number,Accuracy,AUC,F1_Score
xgboost,787036043,27,0.7333333333333333,0.7333333333333333,0.6666666666666666
