Model,Seed,Experiment_Number,Accuracy,AUC,F1_Score
xgboost,847071637,20,0.8666666666666667,0.8666666666666667,0.8571428571428571
