Model,Seed,Experiment_Number,Accuracy,AUC,F1_Score
xgboost,844067037,24,0.7333333333333333,0.7333333333333334,0.6923076923076923
