Model,Seed,Experiment_Number,Accuracy,AUC,F1_Score
xgboost,135304577,2,0.7666666666666667,0.7666666666666667,0.72
