Model,Seed,Experiment_Number,Accuracy,AUC,F1_Score
xgboost,441301073,12,0.7333333333333333,0.7333333333333333,0.6666666666666666
