Model,Seed,Experiment_Number,Accuracy,AUC,F1_Score
adam,1620098870,19,0.6,0.6000000000000001,0.6842105263157895
