Model,Seed,Experiment_Number,Accuracy,AUC,F1_Score
adam,1853222053,28,0.6333333333333333,0.6333333333333333,0.717948717948718
