Model,Seed,Experiment_Number,Accuracy,AUC,F1_Score
adam,788877054,16,0.4666666666666667,0.4666666666666667,0.6
