Model,Seed,Experiment_Number,Accuracy,AUC,F1_Score
adam,441301073,12,0.5333333333333333,0.5333333333333333,0.6111111111111112
