Model,Seed,Experiment_Number,Accuracy,AUC,F1_Score
adam,681076636,17,0.7666666666666667,0.7666666666666666,0.8108108108108109
