Model,Seed,Experiment_Number,Accuracy,AUC,F1_Score
adam,1029933563,4,0.7333333333333333,0.7333333333333334,0.7777777777777778
