Model,Seed,Experiment_Number,Accuracy,AUC,F1_Score
adam,442822283,9,0.6333333333333333,0.6333333333333333,0.717948717948718
