Model,Seed,Experiment_Number,Accuracy,AUC,F1_Score
adam,513873336,8,0.5666666666666667,0.5666666666666667,0.6486486486486487
