Model,Seed,Experiment_Number,Accuracy,AUC,F1_Score
adam,1770168448,10,0.7333333333333333,0.7333333333333334,0.7894736842105263
