Model,Seed,Experiment_Number,Accuracy,AUC,F1_Score
adam,2136397237,30,0.7333333333333333,0.7333333333333334,0.7777777777777778
