Model,Seed,Experiment_Number,Accuracy,AUC,F1_Score
adam,1950160822,5,0.5666666666666667,0.5666666666666667,0.6285714285714286
