Model,Seed,Experiment_Number,Accuracy,AUC,F1_Score
adam,644534191,23,0.7,0.7000000000000001,0.7272727272727273
