Model,Seed,Experiment_Number,Accuracy,AUC,F1_Score
adam,2042199113,11,0.6666666666666666,0.6666666666666667,0.6875
