Model,Seed,Experiment_Number,Accuracy,AUC,F1_Score
xgboost,1010220053,22,0.7333333333333333,0.7333333333333334,0.7333333333333333
