Model,Seed,Experiment_Number,Accuracy,AUC,F1_Score
xgboost,1573902777,7,0.8333333333333334,0.8333333333333334,0.8387096774193549
