Model,Seed,Experiment_Number,Accuracy,AUC,F1_Score
xgboost,1814102137,26,0.7,0.7000000000000001,0.6896551724137931
