Model,Seed,Experiment_Number,Accuracy,AUC,F1_Score
xgboost,315491657,1,0.9666666666666667,0.9666666666666667,0.9655172413793104
