Model,Seed,Experiment_Number,Accuracy,AUC,F1_Score
xgboost,1853222053,28,0.7333333333333333,0.7333333333333334,0.75
