Model,Seed,Experiment_Number,Accuracy,AUC,F1_Score
xgboost,2136397237,30,0.7666666666666667,0.7666666666666667,0.7741935483870968
