Model,Seed,Experiment_Number,Accuracy,AUC,F1_Score
xgboost,2042199113,11,0.7666666666666667,0.7666666666666666,0.7407407407407407
