Model,Seed,Experiment_Number,Accuracy,AUC,F1_Score
xgboost,1620098870,19,0.7666666666666667,0.7666666666666667,0.7586206896551724
