Model,Seed,Experiment_Number,Accuracy,AUC,F1_Score
xgboost,563269619,6,0.5666666666666667,0.5666666666666667,0.5517241379310345
