Model,Seed,Experiment_Number,Accuracy,AUC,F1_Score
xgboost,681076636,17,0.7333333333333333,0.7333333333333334,0.7333333333333333
