Model,Seed,Experiment_Number,Accuracy,AUC,F1_Score
xgboost,442822283,9,0.7,0.7000000000000001,0.6086956521739131
