Model,Seed,Experiment_Number,Accuracy,AUC,F1_Score
xgboost,135304577,2,0.7582417582417582,0.8290909090909091,0.6071428571428571
