Sample ID,Alpha Diversity (Shannon Index)
DC027,2.72438163073632
DC030,3.137581564514304
DC033,3.16190788815787
DC036,2.6380410417722557
DC037,2.857649596475144
DC038,2.804483157208017
DC039,2.687148851419158
DC041,2.8718008587992463
DC073,3.46689181363585
FB034,2.7211195362946463
FB043,2.931556615322785
FB048,2.3889447171408627
FB054,2.293671594453953
FB059,1.3638065110549826
FB113,3.8292616813304683
FB163,2.418371201120834
FB194,2.9138872054962257
FB217,2.449853364282303
FB219,2.6070931810297546
FB229,2.9222034737128224
FB246,3.099100364338798
FB280,3.318415040818563
FB331,2.0096662142754202
FB351,2.6330467353760336
FB375,3.2292824239884794
FB380,3.0213957587895637
FB386,2.967024984513276
FB391,2.770906142112275
FB408,2.5070206761204976
FB439,2.3808732070128045
