Sample ID,Alpha Diversity (Shannon Index)
DC026,3.4281400010579213
DC030,3.137581564514304
DC056,3.534488579272457
FB034,2.7211195362946463
FB043,2.931556615322785
FB057,1.5403784628393407
FB059,1.3638065110549826
FB062,0.8220181629482923
FB084,3.257546798831117
FB097,3.4070510316058726
FB106,2.6204478676288
FB109,3.575772442460789
FB111,2.5376291307969323
FB113,3.8292616813304683
FB124,2.510307887357606
FB125,3.1760078520707093
FB128,3.4968581511713586
FB137,3.8837667646220213
FB161,2.4080423018584285
FB180,3.4106685121772866
FB196,2.2396555251866928
FB199,3.4653132635462014
FB207,2.7877553068571133
FB229,2.9222034737128224
FB280,3.318415040818563
FB301,3.512202561999742
FB308,3.0594185322822476
FB418,3.1357250551580984
FB427,3.321771041275317
FB438,3.3376703495438176
