Model,Seed,Experiment_Number,Accuracy,AUC,F1_Score
randomforest,513873336,8,0.6753246753246753,0.6723076923076924,0.4444444444444444
