Model,Seed,Experiment_Number,Accuracy,AUC,F1_Score
randomforest,1029933563,4,0.7701149425287356,0.8350168350168351,0.6551724137931034
