Model,Seed,Experiment_Number,Accuracy,AUC,F1_Score
randomforest,135304577,2,0.7252747252747253,0.843030303030303,0.5901639344262295
