Model,Seed,Experiment_Number,Accuracy,AUC,F1_Score
randomforest,1950160822,5,0.8133333333333334,0.8236331569664904,0.5625
