Model,Seed,Experiment_Number,Accuracy,AUC,F1_Score
randomforest,1770168448,10,0.6896551724137931,0.8159588159588159,0.5909090909090909
