Model,Seed,Experiment_Number,Accuracy,AUC,F1_Score
randomforest,563269619,6,0.6081081081081081,0.6199233716475095,0.5538461538461539
