Model,Seed,Experiment_Number,Accuracy,AUC,F1_Score
randomforest,1573902777,7,0.7738095238095238,0.8724489795918368,0.6545454545454545
