Model,Seed,Experiment_Number,Accuracy,AUC,F1_Score
randomforest,1572185508,3,0.7777777777777778,0.8677248677248678,0.5833333333333334
