Model,Seed,Experiment_Number,Accuracy,AUC,F1_Score
randomforest,442822283,9,0.7764705882352941,0.8165024630541873,0.6122448979591837
