Sample ID,Alpha Diversity (Shannon Index)
DC013,3.0213341491215595
DC015,2.346119537336824
DC016,3.024525043777218
DC021,2.305167019937855
DC033,3.16190788815787
DC051,3.2462843912528894
DC052,2.916366254162396
DC072,3.7307850054002083
DC080,3.3889210383367083
DC083,3.6273804649709205
DC093,2.6352493940649238
FB043,2.931556615322785
FB094,1.2581449723588334
FB105,0.8604534588384471
FB166,2.5014375316413346
FB221,2.6367656774033925
FB253,0.8491569930323433
FB259,2.7831687869033677
FB267,3.4702794213670103
FB295,2.949325880683512
FB300,2.8348896368429837
FB307,2.9207213548915965
FB345,3.724333153759728
FB355,3.1714599679342714
FB361,2.830161447636364
FB385,3.1495198885333235
FB414,3.3747261545754546
FB420,2.9269144427747262
FB422,3.363516168991374
FB446,3.303342416068152
