Model,Seed,Experiment_Number,Accuracy,AUC,F1_Score
logisticregression,1573902777,7,0.7261904761904762,0.6989795918367347,0.6349206349206349
