Model,Seed,Experiment_Number,Accuracy,AUC,F1_Score
xgboost,1029933563,4,0.7241379310344828,0.7962962962962963,0.6129032258064516
