Model,Seed,Experiment_Number,Accuracy,AUC,F1_Score
xgboost,563269619,6,0.5945945945945946,0.7172413793103448,0.53125
