Model,Seed,Experiment_Number,Accuracy,AUC,F1_Score
xgboost,1950160822,5,0.8,0.8148148148148148,0.5161290322580645
