Model,Seed,Experiment_Number,Accuracy,AUC,F1_Score
xgboost,315491657,1,0.8205128205128205,0.9125000000000001,0.78125
