Model,Seed,Experiment_Number,Accuracy,AUC,F1_Score
xgboost,1573902777,7,0.8333333333333334,0.8909438775510204,0.7666666666666667
