Model,Seed,Experiment_Number,Accuracy,AUC,F1_Score
xgboost,1770168448,10,0.7758620689655172,0.8146718146718146,0.7547169811320755
