Model,Seed,Experiment_Number,Accuracy,AUC,F1_Score
xgboost,1572185508,3,0.7888888888888889,0.8712522045855379,0.5581395348837209
