Model,Seed,Experiment_Number,Accuracy,AUC,F1_Score
xgboost,442822283,9,0.8117647058823529,0.8220443349753694,0.7142857142857143
