Model,Seed,Experiment_Number,Accuracy,AUC,F1_Score
xgboost,513873336,8,0.7792207792207793,0.7423076923076923,0.6666666666666666
